c1,c2,c3,c4,c5,c6,c7,c8,c9,c10,c11,c12,c13,c14,c15,c16,c17,c18,c19,c20,c21,c22,c23,c24,c25,c26,c27,c28,c29,c30,c31,c32,c33,c34,c35,c36,c37,c38,c39,c40,c41,c42,c43,c44,c45,c46,c47,c48,c49,c50,c51,c52,c53,c54,c55,c56,c57,c58,c59,c60
5,M1,Applied Mechanics and Materials Vols. 204-208,On Effects of Fly Ash as a Partial Replacement of Cement on Concrete Strength,"Reagan J. Case, Kai Duan and Thuraichamy G. Suntharavadivel ",2012,52.72,0.45,Fly Ash,0,-,-,-,-,-,-,-,-,-,-,-,-,-,-,-,-,-,-,-,-,44.87,-,-,52.72,-,-,-,-,-,-,-,-,-,-,-,-,-,-,-,-,-,-,-,-,-,-,-,-,-,-
5,M1,Applied Mechanics and Materials Vols. 204-208,On Effects of Fly Ash as a Partial Replacement of Cement on Concrete Strength,"Reagan J. Case, Kai Duan and Thuraichamy G. Suntharavadivel ",2012,52.72,0.45,Fly Ash,0,-,-,-,-,-,-,-,-,-,-,-,-,-,-,-,-,-,-,-,-,44.87,-,-,51.27,-,-,-,-,-,-,-,-,-,-,-,-,-,-,-,-,-,-,-,-,-,-,-,-,-,-
5,M2,Applied Mechanics and Materials Vols. 204-209,On Effects of Fly Ash as a Partial Replacement of Cement on Concrete Strength,"Reagan J. Case, Kai Duan and Thuraichamy G. Suntharavadivel ",2012,52.72,0.45,Fly Ash,15,-,-,-,-,-,-,-,-,-,-,-,-,-,-,-,-,-,-,-,-,37.24,-,-,45.48,-,-,-,-,-,-,-,-,-,-,-,-,-,-,-,-,-,-,-,-,-,-,-,-,-,-
5,M2,Applied Mechanics and Materials Vols. 204-209,On Effects of Fly Ash as a Partial Replacement of Cement on Concrete Strength,"Reagan J. Case, Kai Duan and Thuraichamy G. Suntharavadivel ",2012,52.72,0.45,Fly Ash,15,-,-,-,-,-,-,-,-,-,-,-,-,-,-,-,-,-,-,-,-,37.24,-,-,50.45,-,-,-,-,-,-,-,-,-,-,-,-,-,-,-,-,-,-,-,-,-,-,-,-,-,-
5,M3,Applied Mechanics and Materials Vols. 204-210,On Effects of Fly Ash as a Partial Replacement of Cement on Concrete Strength,"Reagan J. Case, Kai Duan and Thuraichamy G. Suntharavadivel ",2012,52.72,0.45,Fly Ash,30,-,-,-,-,-,-,-,-,-,-,-,-,-,-,-,-,-,-,-,-,39.76,-,-,59.7,-,-,-,-,-,-,-,-,-,-,-,-,-,-,-,-,-,-,-,-,-,-,-,-,-,-
5,M3,Applied Mechanics and Materials Vols. 204-210,On Effects of Fly Ash as a Partial Replacement of Cement on Concrete Strength,"Reagan J. Case, Kai Duan and Thuraichamy G. Suntharavadivel ",2012,52.72,0.45,Fly Ash,30,-,-,-,-,-,-,-,-,-,-,-,-,-,-,-,-,-,-,-,-,39.76,-,-,60.47,-,-,-,-,-,-,-,-,-,-,-,-,-,-,-,-,-,-,-,-,-,-,-,-,-,-
5,M4,Applied Mechanics and Materials Vols. 204-211,On Effects of Fly Ash as a Partial Replacement of Cement on Concrete Strength,"Reagan J. Case, Kai Duan and Thuraichamy G. Suntharavadivel ",2012,52.72,0.45,Fly Ash,45,-,-,-,-,-,-,-,-,-,-,-,-,-,-,-,-,-,-,-,-,35.83,-,-,50.73,-,-,-,-,-,-,-,-,-,-,-,-,-,-,-,-,-,-,-,-,-,-,-,-,-,-
5,M4,Applied Mechanics and Materials Vols. 204-211,On Effects of Fly Ash as a Partial Replacement of Cement on Concrete Strength,"Reagan J. Case, Kai Duan and Thuraichamy G. Suntharavadivel ",2012,52.72,0.45,Fly Ash,45,-,-,-,-,-,-,-,-,-,-,-,-,-,-,-,-,-,-,-,-,35.83,-,-,50.78,-,-,-,-,-,-,-,-,-,-,-,-,-,-,-,-,-,-,-,-,-,-,-,-,-,-
6.1,M1,JOURNAL OF MATERIALS IN CIVIL ENGINEERING © ASCE,High-Volume Fly Ash Concrete with High Strength and Low Drying Shrinkage,Cengiz Duran Atis,2003,60.75,0.34,Fly Ash,0,63.3,20.8,4.9,-,3.15,3500,-,2.6,50.2,28.6,13.2,-,2.4,3100,-,-,-,-,12.05,38.41,49.27,-,-,60.75,-,65.03,69.13,-,71,-,-,-,-,1.45,3.5,3.84,-,4.92,-,5.91,6.1,6.4,2.55,3.1,-,-,-,-,-,-
6.1,M2,JOURNAL OF MATERIALS IN CIVIL ENGINEERING © ASCE,High-Volume Fly Ash Concrete with High Strength and Low Drying Shrinkage,Cengiz Duran Atis,2003,60.75,0.32,Fly Ash,0,63.3,20.8,4.9,-,3.15,3500,-,2.6,50.2,28.6,13.2,-,2.4,3100,-,-,-,-,33.51,45.21,52.63,-,-,64.95,-,68.1,72.29,-,77.08,-,-,-,-,3.49,3.92,4.43,-,5.37,-,6.27,6.37,6.55,2.96,3.48,-,-,-,-,-,-
6.1,M3,JOURNAL OF MATERIALS IN CIVIL ENGINEERING © ASCE,High-Volume Fly Ash Concrete with High Strength and Low Drying Shrinkage,Cengiz Duran Atis,2003,60.75,0.29,Fly Ash,70,63.3,20.8,4.9,-,3.15,3500,-,2.6,50.2,28.6,13.2,-,2.4,3100,-,-,-,-,1.76,16.34,24.01,-,-,33.25,-,40.75,42.45,-,45,-,-,-,-,0.96,2.17,2.73,-,3.81,-,4.53,4.58,4.95,2.07,2.53,-,-,-,-,-,-
6.1,M4,JOURNAL OF MATERIALS IN CIVIL ENGINEERING © ASCE,High-Volume Fly Ash Concrete with High Strength and Low Drying Shrinkage,Cengiz Duran Atis,2003,60.75,0.29,Fly Ash,70,63.3,20.8,4.9,-,3.15,3500,-,2.6,50.2,28.6,13.2,-,2.4,3100,-,-,-,-,7.09,16.64,18.6,-,-,30.55,-,41.1,43,-,48.05,-,-,-,-,1.14,2.36,2.77,-,4.6,-,5.07,5.37,5.31,1.81,2.51,-,-,-,-,-,-
6.1,M5,JOURNAL OF MATERIALS IN CIVIL ENGINEERING © ASCE,High-Volume Fly Ash Concrete with High Strength and Low Drying Shrinkage,Cengiz Duran Atis,2003,60.75,0.33,Fly Ash,50,63.3,20.8,4.9,-,3.15,3500,-,2.6,50.2,28.6,13.2,-,2.4,3100,-,-,-,-,5.62,31.85,38,-,-,57,-,60.2,67.3,-,67.6,-,-,-,-,1.32,3.3,4.09,-,5.63,-,5.84,6.33,6.9,2.99,4.06,-,-,-,-,-,-
6.1,M6,JOURNAL OF MATERIALS IN CIVIL ENGINEERING © ASCE,High-Volume Fly Ash Concrete with High Strength and Low Drying Shrinkage,Cengiz Duran Atis,2003,60.75,0.30,Fly Ash,50,63.3,20.8,4.9,-,3.15,3500,-,2.6,50.2,28.6,13.2,-,2.4,3100,-,-,-,-,28.25,35.3,48.3,-,-,66.55,-,79.9,81.6,-,83.6,-,-,-,-,3.78,4.17,5.21,-,6.11,-,6.87,7.35,8.19,3.32,4.2,-,-,-,-,-,-
6.2,M1,Cement and Concrete Research 34 (2004) 487 – 493,Performance characteristics of high-volume Class F fly ash concrete,Rafat Siddique,2003,37.2,0.41,Fly Ash,0,-,-,-,-,3.15,2680,-,-,-,-,-,-,-,-,-,2406,-,65,-,-,25.7,-,-,37.2,-,39.5,-,-,42.1,-,-,-,-,-,-,3.8,-,5.4,-,5.5,-,5.5,2.8,4.1,-,4.2,4.3,-,-,-
6.2,M2,Cement and Concrete Research 34 (2004) 487 – 494,Performance characteristics of high-volume Class F fly ash concrete,Rafat Siddique,2003,37.2,0.4,Fly Ash,40,-,-,-,-,3.15,2680,-,5.6,55.3,25.7,5.3,-,2.72,-,-,2398,-,85,-,-,17,-,-,26.7,-,33.5,-,-,38.6,-,-,-,-,-,-,2.3,-,3.6,-,4.5,-,5,1.8,3,-,3.8,4.3,-,-,-
6.2,M3,Cement and Concrete Research 34 (2004) 487 – 495,Performance characteristics of high-volume Class F fly ash concrete,Rafat Siddique,2003,37.2,0.41,Fly Ash,45,-,-,-,-,3.15,2680,-,5.6,55.3,25.7,5.3,-,2.72,-,-,2400,-,90,-,-,15.3,-,-,24.7,-,30.1,-,-,34.4,-,-,-,-,-,-,2,-,3.1,-,3.9,-,4.2,1.6,2.6,-,3.3,3.8,-,-,-
6.2,M4,Cement and Concrete Research 34 (2004) 487 – 496,Performance characteristics of high-volume Class F fly ash concrete,Rafat Siddique,2003,37.2,0.4,Fly Ash,50,-,-,-,-,3.15,2680,-,5.6,55.3,25.7,5.3,-,2.72,-,-,2401,-,100,-,-,14.7,-,-,23.1,-,27.7,-,-,32.1,-,-,-,-,-,-,1.8,-,2.7,-,3.1,-,3.3,1.5,2.2,-,2.6,3,-,-,-
6.4,M1-A,Cement and Concrete Research 31 (2001) 1393 – 1402,Mechanical properties and durability of concrete made with high-volume fly ash blended cements using a coarse fly ash,"N. Bouzoubaa, M.H. Zhang, V.M. Malhotra",2001,38.6,0.32,Fly Ash,55,62.4,20.9,4.8,-,3.15,-,-,5.8,62.6,20.9,4.5,-,2.01,-,-,2250,-,190,7.7,-,15.9,19.6,-,24,-,32.7,-,-,40.3,-,-,-,-,-,-,-,3.2,4,-,-,-,-,-,2.2,-,-,-,-,-,-
6.4,M1-B,Cement and Concrete Research 31 (2001) 1393 – 1403,Mechanical properties and durability of concrete made with high-volume fly ash blended cements using a coarse fly ash,"N. Bouzoubaa, M.H. Zhang, V.M. Malhotra",2001,38.6,0.32,Fly Ash,55,62.4,20.9,4.8,-,3.15,-,-,5.8,62.6,20.9,4.5,-,2.01,-,-,2280,-,160,-,-,20.9,27.1,-,30.5,-,41.6,-,-,-,-,-,-,-,-,-,-,3.2,4,-,-,-,-,-,2.2,-,-,-,-,-,-
6.4,M2-A,Cement and Concrete Research 31 (2001) 1393 – 1404,Mechanical properties and durability of concrete made with high-volume fly ash blended cements using a coarse fly ash,"N. Bouzoubaa, M.H. Zhang, V.M. Malhotra",2001,43.8,0.32,Fly Ash,0,36.9,39.6,11.8,-,2.7,-,-,5.8,62.6,20.9,4.5,-,2.01,-,-,2370,-,200,13.1,-,30.5,37.5,-,43.8,-,53.7,-,-,61.9,-,-,-,-,-,-,-,3.9,5.1,-,-,-,-,-,3.2,-,-,-,-,-,-
6.4,M2-B,Cement and Concrete Research 31 (2001) 1393 – 1405,Mechanical properties and durability of concrete made with high-volume fly ash blended cements using a coarse fly ash,"N. Bouzoubaa, M.H. Zhang, V.M. Malhotra",2001,43.3,0.32,Fly Ash,0,36.9,39.6,11.8,-,2.7,-,-,5.8,62.6,20.9,4.5,-,2.01,-,-,2370,-,215,-,-,-,-,-,43.3,-,-,-,-,-,-,-,-,-,-,-,-,3.9,5.1,-,-,-,-,-,3.2,-,-,-,-,-,-
6.4,M3-A,Cement and Concrete Research 31 (2001) 1393 – 1406,Mechanical properties and durability of concrete made with high-volume fly ash blended cements using a coarse fly ash,"N. Bouzoubaa, M.H. Zhang, V.M. Malhotra",2001,38.6,0.4,Fly Ash,0,62.4,20.9,4.8,-,3.15,-,-,5.8,62.6,20.9,4.5,-,2.01,-,-,2362,-,70,21.4,-,32.5,34.4,-,38.6,-,43.4,-,-,-,-,-,-,-,-,-,-,5.6,6.3,-,-,-,-,-,3.3,-,-,-,-,-,-
6.4,M3-B,Cement and Concrete Research 31 (2001) 1393 – 1407,Mechanical properties and durability of concrete made with high-volume fly ash blended cements using a coarse fly ash,"N. Bouzoubaa, M.H. Zhang, V.M. Malhotra",2001,38.6,0.4,Fly Ash,0,62.4,20.9,4.8,-,3.15,-,-,5.8,62.6,20.9,4.5,-,2.01,-,-,2362,-,90,-,-,-,-,-,38.8,-,-,-,-,-,-,-,-,-,-,-,-,5.6,6.3,-,-,-,-,-,3.3,-,-,-,-,-,-
6.4,M4-A,Cement and Concrete Research 31 (2001) 1393 – 1408,Mechanical properties and durability of concrete made with high-volume fly ash blended cements using a coarse fly ash,"N. Bouzoubaa, M.H. Zhang, V.M. Malhotra",2001,46.3,0.42,Fly Ash,0,63.6,21.2,5,-,3.15,-,-,5.8,62.6,20.9,4.5,-,2.01,-,-,2376,-,70,30.5,-,39.1,41,-,46.3,-,50.4,-,-,-,-,-,-,-,-,-,-,6.5,6.7,-,-,-,-,-,3.4,-,-,-,-,-,-
6.4,M4-B,Cement and Concrete Research 31 (2001) 1393 – 1409,Mechanical properties and durability of concrete made with high-volume fly ash blended cements using a coarse fly ash,"N. Bouzoubaa, M.H. Zhang, V.M. Malhotra",2001,46.3,0.42,Fly Ash,0,63.6,21.2,5,-,3.15,-,-,5.8,62.6,20.9,4.5,-,2.01,-,-,2348,-,75,-,-,-,-,-,42.1,-,-,-,-,-,-,-,-,-,-,-,-,6.5,6.7,-,-,-,-,-,3.4,-,-,-,-,-,-
6.7,F0S,"Global NEST Journal, Vol 15, No 4, pp 578-584, 2013",COMPARATIVE STUDY ON PHYSICAL AND MECHANICAL PROPERTIES OF HIGH SLUMP AND ZERO SLUMP HIGH VOLUME FLY ASH CONCRETE (HVFAC),"MUKHERJEE S., MANDAL S., ADHIKARI U.B.",2013,50.35,0.35,Fly Ash,0,61.42,18.62,4.75,-,3.11,-,-,0.59,64.58,25.89,5.27,-,2.42,-,-,-,-,140,-,27.96,45.58,-,-,50.35,-,-,-,-,-,-,-,-,-,-,-,-,-,-,-,-,-,-,-,-,-,-,-,-,-,-
6.7,F40,"Global NEST Journal, Vol 15, No 4, pp 578-584, 2014",COMPARATIVE STUDY ON PHYSICAL AND MECHANICAL PROPERTIES OF HIGH SLUMP AND ZERO SLUMP HIGH VOLUME FLY ASH CONCRETE (HVFAC),"MUKHERJEE S., MANDAL S., ADHIKARI U.B.",2013,50.35,0.35,Fly Ash,40,61.42,18.62,4.75,-,3.11,-,-,0.59,64.58,25.89,5.27,-,2.42,-,-,-,-,0,-,22.05,28.2,-,-,43.65,-,-,-,-,-,-,-,-,-,-,-,-,-,-,-,-,-,-,-,-,-,-,-,-,-,-
6.7,F50,"Global NEST Journal, Vol 15, No 4, pp 578-584, 2015",COMPARATIVE STUDY ON PHYSICAL AND MECHANICAL PROPERTIES OF HIGH SLUMP AND ZERO SLUMP HIGH VOLUME FLY ASH CONCRETE (HVFAC),"MUKHERJEE S., MANDAL S., ADHIKARI U.B.",2013,50.35,0.35,Fly Ash,50,61.42,18.62,4.75,-,3.11,-,-,0.59,64.58,25.89,5.27,-,2.42,-,-,-,-,0,-,19.75,25.08,-,-,35.31,-,-,-,-,-,-,-,-,-,-,-,-,-,-,-,-,-,-,-,-,-,-,-,-,-,-
6.7,F60,"Global NEST Journal, Vol 15, No 4, pp 578-584, 2016",COMPARATIVE STUDY ON PHYSICAL AND MECHANICAL PROPERTIES OF HIGH SLUMP AND ZERO SLUMP HIGH VOLUME FLY ASH CONCRETE (HVFAC),"MUKHERJEE S., MANDAL S., ADHIKARI U.B.",2013,50.35,0.35,Fly Ash,60,61.42,18.62,4.75,-,3.11,-,-,0.59,64.58,25.89,5.27,-,2.42,-,-,-,-,0,-,13.92,20.89,-,-,31.4,-,-,-,-,-,-,-,-,-,-,-,-,-,-,-,-,-,-,-,-,-,-,-,-,-,-
6.7,F70,"Global NEST Journal, Vol 15, No 4, pp 578-584, 2017",COMPARATIVE STUDY ON PHYSICAL AND MECHANICAL PROPERTIES OF HIGH SLUMP AND ZERO SLUMP HIGH VOLUME FLY ASH CONCRETE (HVFAC),"MUKHERJEE S., MANDAL S., ADHIKARI U.B.",2013,50.35,0.35,Fly Ash,70,61.42,18.62,4.75,-,3.11,-,-,0.59,64.58,25.89,5.27,-,2.42,-,-,-,-,0,-,8.92,12.13,-,-,23.67,-,-,-,-,-,-,-,-,-,-,-,-,-,-,-,-,-,-,-,-,-,-,-,-,-,-
6.7,F40S,"Global NEST Journal, Vol 15, No 4, pp 578-584, 2018",COMPARATIVE STUDY ON PHYSICAL AND MECHANICAL PROPERTIES OF HIGH SLUMP AND ZERO SLUMP HIGH VOLUME FLY ASH CONCRETE (HVFAC),"MUKHERJEE S., MANDAL S., ADHIKARI U.B.",2013,50.35,0.35,Fly Ash,40,61.42,18.62,4.75,-,3.11,-,-,0.59,64.58,25.89,5.27,-,2.42,-,-,-,-,180,-,7.75,21.54,-,-,31.72,-,-,-,-,-,-,-,-,-,-,-,-,-,-,-,-,-,-,-,-,-,-,-,-,-,-
6.7,F50S,"Global NEST Journal, Vol 15, No 4, pp 578-584, 2019",COMPARATIVE STUDY ON PHYSICAL AND MECHANICAL PROPERTIES OF HIGH SLUMP AND ZERO SLUMP HIGH VOLUME FLY ASH CONCRETE (HVFAC),"MUKHERJEE S., MANDAL S., ADHIKARI U.B.",2013,50.35,0.35,Fly Ash,50,61.42,18.62,4.75,-,3.11,-,-,0.59,64.58,25.89,5.27,-,2.42,-,-,-,-,170,-,-,20.38,-,-,29.42,-,-,-,-,-,-,-,-,-,-,-,-,-,-,-,-,-,-,-,-,-,-,-,-,-,-
6.7,F60S,"Global NEST Journal, Vol 15, No 4, pp 578-584, 2020",COMPARATIVE STUDY ON PHYSICAL AND MECHANICAL PROPERTIES OF HIGH SLUMP AND ZERO SLUMP HIGH VOLUME FLY ASH CONCRETE (HVFAC),"MUKHERJEE S., MANDAL S., ADHIKARI U.B.",2013,50.35,0.35,Fly Ash,60,61.42,18.62,4.75,-,3.11,-,-,0.59,64.58,25.89,5.27,-,2.42,-,-,-,-,150,-,-,17.78,-,-,27.99,-,-,-,-,-,-,-,-,-,-,-,-,-,-,-,-,-,-,-,-,-,-,-,-,-,-
6.7,F70S,"Global NEST Journal, Vol 15, No 4, pp 578-584, 2021",COMPARATIVE STUDY ON PHYSICAL AND MECHANICAL PROPERTIES OF HIGH SLUMP AND ZERO SLUMP HIGH VOLUME FLY ASH CONCRETE (HVFAC),"MUKHERJEE S., MANDAL S., ADHIKARI U.B.",2013,50.35,0.35,Fly Ash,70,61.42,18.62,4.75,-,3.11,-,-,0.59,64.58,25.89,5.27,-,2.42,-,-,-,-,140,-,-,15.2,-,-,24.72,-,-,-,-,-,-,-,-,-,-,-,-,-,-,-,-,-,-,-,-,-,-,-,-,-,-
6.8,F50.S2,Journal of Building Engineering,High Volume Fly Ash Concrete: The Practical Impact of Using Superabundant Dose of High Range Water Reducer,"Hafiz A. Alaka, Lukumon O. Oyedele",2016,28,0.35,Fly Ash,50,65.35,20.02,3.96,-,3.15,-,-,3.3,49.7,29.8,7.4,-,2.75,-,-,-,-,100,-,-,16.5,-,-,28,31.8,33.2,-,-,35.6,-,-,-,-,-,-,2.5,-,3.7,4,4.1,-,4.5,2,2.8,-,3.1,3.5,-,-,-
6.8,F50.ES3,Journal of Building Engineering,High Volume Fly Ash Concrete: The Practical Impact of Using Superabundant Dose of High Range Water Reducer,"Hafiz A. Alaka, Lukumon O. Oyedele",2016,32.6,0.31,Fly Ash,50,65.35,20.02,3.96,-,3.15,-,-,3.3,49.7,29.8,7.4,-,2.75,-,-,-,-,75,-,-,21.6,-,-,32.6,38.4,44.9,-,-,52.9,-,-,-,-,-,-,3.1,-,3.8,4.3,4.5,-,5,2.7,3.1,-,3.6,3.8,-,-,-
6.8,F50.ES4,Journal of Building Engineering,High Volume Fly Ash Concrete: The Practical Impact of Using Superabundant Dose of High Range Water Reducer,"Hafiz A. Alaka, Lukumon O. Oyedele",2016,37.8,0.28,Fly Ash,50,65.35,20.02,3.96,-,3.15,-,-,3.3,49.7,29.8,7.4,-,2.75,-,-,-,-,65,-,-,24.7,-,-,37.8,42.5,51.2,-,-,60.9,-,-,-,-,-,-,3.4,-,4.5,4.8,5.2,-,5.6,2.7,3.5,-,3.9,4.1,-,-,-
6.8,F60.S2,Journal of Building Engineering,High Volume Fly Ash Concrete: The Practical Impact of Using Superabundant Dose of High Range Water Reducer,"Hafiz A. Alaka, Lukumon O. Oyedele",2016,25.2,0.38,Fly Ash,60.05,65.35,20.02,3.96,-,3.15,-,-,3.3,49.7,29.8,7.4,-,2.75,-,-,-,-,95,-,-,15.7,-,-,25.2,30.1,32.4,-,-,37.2,-,-,-,-,-,-,2.3,-,3.4,3.8,3.9,-,4.4,1.8,2.7,-,3.3,3.4,-,-,-
6.8,F60.ES3,Journal of Building Engineering,High Volume Fly Ash Concrete: The Practical Impact of Using Superabundant Dose of High Range Water Reducer,"Hafiz A. Alaka, Lukumon O. Oyedele",2016,31.1,0.33,Fly Ash,60.1,65.35,20.02,3.96,-,3.15,-,-,3.3,49.7,29.8,7.4,-,2.75,-,-,-,-,80,-,-,19.2,-,-,31.1,36.1,44.2,-,-,55.5,-,-,-,-,-,-,2.7,-,3.6,4,4.4,-,4.8,2.3,3,-,3.5,3.7,-,-,-
6.8,F60.ES4,Journal of Building Engineering,High Volume Fly Ash Concrete: The Practical Impact of Using Superabundant Dose of High Range Water Reducer,"Hafiz A. Alaka, Lukumon O. Oyedele",2016,34.2,0.31,Fly Ash,59.89,65.35,20.02,3.96,-,3.15,-,-,3.3,49.7,29.8,7.4,-,2.75,-,-,-,-,75,-,-,22.2,-,-,34.2,40.2,50.7,-,-,62.8,-,-,-,-,-,-,3,-,4.1,4.6,4.9,-,5.2,2.4,3.1,-,3.6,4,-,-,-
6.8,F65.S2,Journal of Building Engineering,High Volume Fly Ash Concrete: The Practical Impact of Using Superabundant Dose of High Range Water Reducer,"Hafiz A. Alaka, Lukumon O. Oyedele",2016,24.9,0.38,Fly Ash,65.01,65.35,20.02,3.96,-,3.15,-,-,3.3,49.7,29.8,7.4,-,2.75,-,-,-,-,85,-,-,15.1,-,-,24.9,29.3,31.8,-,-,37.9,-,-,-,-,-,-,2.2,-,3.2,3.6,3.9,-,4.3,1.7,2.4,-,3,3.2,-,-,-
6.8,F65.ES3,Journal of Building Engineering,High Volume Fly Ash Concrete: The Practical Impact of Using Superabundant Dose of High Range Water Reducer,"Hafiz A. Alaka, Lukumon O. Oyedele",2016,30.7,0.34,Fly Ash,65.03,65.35,20.02,3.96,-,3.15,-,-,3.3,49.7,29.8,7.4,-,2.75,-,-,-,-,80,-,-,18.5,-,-,30.7,35.2,43.8,-,-,56.7,-,-,-,-,-,-,2.6,-,3.4,3.9,4.2,-,4.7,2,2.6,-,3.3,3.6,-,-,-
6.8,F65.ES4,Journal of Building Engineering,High Volume Fly Ash Concrete: The Practical Impact of Using Superabundant Dose of High Range Water Reducer,"Hafiz A. Alaka, Lukumon O. Oyedele",2016,32.1,0.32,Fly Ash,65.05,65.35,20.02,3.96,-,3.15,-,-,3.3,49.7,29.8,7.4,-,2.75,-,-,-,-,70,-,-,21.6,-,-,32.1,39.4,50.3,-,-,63.1,-,-,-,-,-,-,2.9,-,3.8,4.5,4.8,-,5.1,2.2,2.8,-,3.6,3.7,-,-,-
6.9,M1,Cement & Concrete Composites ,Long-Term Strength Development of High-Volume Fly Ash Concrete,"V. Sivasundaram, G. G. Carette & V. M. Malhotra ",1990,41.6,0.28,Fly Ash,55,63.15,22.52,3.9,-,-,-,-,1.21,47.1,23,20.4,-,-,-,-,-,-,200,9.4,-,23.9,-,-,41.6,-,54,-,-,62.9,69.8,70.9,68.6,71.4,-,-,-,-,-,-,-,-,-,-,-,-,-,-,-,-,-
6.10,F0-A,Cement & Concrete Composites,Evaluation of sustainable high-volume fly ash concretes,"A. Durán-Herrera, C.A. Juárez, P. Valdez, D.P. Bentz",2010,43.5,0.5,Fly Ash,0,58.8,19.6,4.5,-,3.13,-,-,3.4,62.3,22,6,-,2.38,-,-,2350,-,220,15,26.9,35.1,38.8,41.4,43.5,44.9,-,-,-,-,-,-,-,-,-,-,-,-,-,-,-,-,-,-,-,-,-,-,-,-,-
6.10,F15-A,Cement & Concrete Composites,Evaluation of sustainable high-volume fly ash concretes,"A. Durán-Herrera, C.A. Juárez, P. Valdez, D.P. Bentz",2010,43.5,0.5,Fly Ash,15,58.8,19.6,4.5,-,3.13,-,-,3.4,62.3,22,6,-,2.38,-,-,2333,-,250,15.6,24.8,27.6,29.3,30.5,36.8,40.1,-,-,-,-,-,-,-,-,-,-,-,-,-,-,-,-,-,-,-,-,-,-,-,-,-
6.10,F30-A,Cement & Concrete Composites,Evaluation of sustainable high-volume fly ash concretes,"A. Durán-Herrera, C.A. Juárez, P. Valdez, D.P. Bentz",2010,43.5,0.5,Fly Ash,30,58.8,19.6,4.5,-,3.13,-,-,3.4,62.3,22,6,-,2.38,-,-,2332,-,250,11.7,21.2,24.1,26.2,30,32.5,35.5,-,-,-,-,-,-,-,-,-,-,-,-,-,-,-,-,-,-,-,-,-,-,-,-,-
6.10,F45-A,Cement & Concrete Composites,Evaluation of sustainable high-volume fly ash concretes,"A. Durán-Herrera, C.A. Juárez, P. Valdez, D.P. Bentz",2010,43.5,0.5,Fly Ash,45,58.8,19.6,4.5,-,3.13,-,-,3.4,62.3,22,6,-,2.38,-,-,2308,-,260,6.4,14,18.6,19.2,23.7,23.8,26.8,-,-,-,-,-,-,-,-,-,-,-,-,-,-,-,-,-,-,-,-,-,-,-,-,-
6.10,F60-A,Cement & Concrete Composites,Evaluation of sustainable high-volume fly ash concretes,"A. Durán-Herrera, C.A. Juárez, P. Valdez, D.P. Bentz",2010,43.5,0.5,Fly Ash,60,58.8,19.6,4.5,-,3.13,-,-,3.4,62.3,22,6,-,2.38,-,-,2296,-,250,4.4,7.2,10.1,11.9,13.8,16.8,17.2,-,-,-,-,-,-,-,-,-,-,-,-,-,-,-,-,-,-,-,-,-,-,-,-,-
6.10,F75-A,Cement & Concrete Composites,Evaluation of sustainable high-volume fly ash concretes,"A. Durán-Herrera, C.A. Juárez, P. Valdez, D.P. Bentz",2010,43.5,0.5,Fly Ash,75,58.8,19.6,4.5,-,3.13,-,-,3.4,62.3,22,6,-,2.38,-,-,2257,-,230,1.1,3.2,4.1,5.4,6.4,7,9.9,-,-,-,-,-,-,-,-,-,-,-,-,-,-,-,-,-,-,-,-,-,-,-,-,-
6.10,F0-B,Cement & Concrete Composites,Evaluation of sustainable high-volume fly ash concretes,"A. Durán-Herrera, C.A. Juárez, P. Valdez, D.P. Bentz",2010,37,0.55,Fly Ash,0,58.8,19.6,4.5,-,3.13,-,-,3.4,62.3,22,6,-,2.38,-,-,2353,-,220,19.4,26.8,30.4,30.9,33.7,37,38.4,-,-,-,-,-,-,-,-,-,-,-,-,-,-,-,-,-,-,-,-,-,-,-,-,-
6.10,F15-B,Cement & Concrete Composites,Evaluation of sustainable high-volume fly ash concretes,"A. Durán-Herrera, C.A. Juárez, P. Valdez, D.P. Bentz",2010,37,0.55,Fly Ash,15,58.8,19.6,4.5,-,3.13,-,-,3.4,62.3,22,6,-,2.38,-,-,2320,-,230,12.5,24.3,27.9,29.8,30.2,32.4,35.7,-,-,-,-,-,-,-,-,-,-,-,-,-,-,-,-,-,-,-,-,-,-,-,-,-
6.10,F30-B,Cement & Concrete Composites,Evaluation of sustainable high-volume fly ash concretes,"A. Durán-Herrera, C.A. Juárez, P. Valdez, D.P. Bentz",2010,37,0.55,Fly Ash,30,58.8,19.6,4.5,-,3.13,-,-,3.4,62.3,22,6,-,2.38,-,-,2314,-,235,10.6,18.7,20.7,22.8,24,25.4,27,-,-,-,-,-,-,-,-,-,-,-,-,-,-,-,-,-,-,-,-,-,-,-,-,-
6.10,F45-B,Cement & Concrete Composites,Evaluation of sustainable high-volume fly ash concretes,"A. Durán-Herrera, C.A. Juárez, P. Valdez, D.P. Bentz",2010,37,0.55,Fly Ash,45,58.8,19.6,4.5,-,3.13,-,-,3.4,62.3,22,6,-,2.38,-,-,2296,-,245,5.7,11.4,12.9,18,19,19.6,21.5,-,-,-,-,-,-,-,-,-,-,-,-,-,-,-,-,-,-,-,-,-,-,-,-,-
6.10,F60-B,Cement & Concrete Composites,Evaluation of sustainable high-volume fly ash concretes,"A. Durán-Herrera, C.A. Juárez, P. Valdez, D.P. Bentz",2010,37,0.55,Fly Ash,60,58.8,19.6,4.5,-,3.13,-,-,3.4,62.3,22,6,-,2.38,-,-,2271,-,225,3.8,5.9,7.8,9.5,11.6,13.1,14,-,-,-,-,-,-,-,-,-,-,-,-,-,-,-,-,-,-,-,-,-,-,-,-,-
6.10,F75-B,Cement & Concrete Composites,Evaluation of sustainable high-volume fly ash concretes,"A. Durán-Herrera, C.A. Juárez, P. Valdez, D.P. Bentz",2010,37,0.55,Fly Ash,75,58.8,19.6,4.5,-,3.13,-,-,3.4,62.3,22,6,-,2.38,-,-,2260,-,255,-,2.6,3.4,4.3,5.5,6,7.9,-,-,-,-,-,-,-,-,-,-,-,-,-,-,-,-,-,-,-,-,-,-,-,-,-
6.10,F0-C,Cement & Concrete Composites,Evaluation of sustainable high-volume fly ash concretes,"A. Durán-Herrera, C.A. Juárez, P. Valdez, D.P. Bentz",2010,32.1,0.6,Fly Ash,0,58.8,19.6,4.5,-,3.13,-,-,3.4,62.3,22,6,-,2.38,-,-,2344,-,210,16.1,22.5,26.3,31.9,29,32.1,34.5,-,-,-,-,-,-,-,-,-,-,-,-,-,-,-,-,-,-,-,-,-,-,-,-,-
6.10,F15-C,Cement & Concrete Composites,Evaluation of sustainable high-volume fly ash concretes,"A. Durán-Herrera, C.A. Juárez, P. Valdez, D.P. Bentz",2010,32.1,0.6,Fly Ash,15,58.8,19.6,4.5,-,3.13,-,-,3.4,62.3,22,6,-,2.38,-,-,2331,-,235,8.8,17.4,19.8,24.9,26.9,27.5,29.3,-,-,-,-,-,-,-,-,-,-,-,-,-,-,-,-,-,-,-,-,-,-,-,-,-
6.10,F30-C,Cement & Concrete Composites,Evaluation of sustainable high-volume fly ash concretes,"A. Durán-Herrera, C.A. Juárez, P. Valdez, D.P. Bentz",2010,32.1,0.6,Fly Ash,30,58.8,19.6,4.5,-,3.13,-,-,3.4,62.3,22,6,-,2.38,-,-,2316,-,240,7.5,11.6,16.7,18.5,20.1,21.3,24.5,-,-,-,-,-,-,-,-,-,-,-,-,-,-,-,-,-,-,-,-,-,-,-,-,-
6.10,F45-C,Cement & Concrete Composites,Evaluation of sustainable high-volume fly ash concretes,"A. Durán-Herrera, C.A. Juárez, P. Valdez, D.P. Bentz",2010,32.1,0.6,Fly Ash,45,58.8,19.6,4.5,-,3.13,-,-,3.4,62.3,22,6,-,2.38,-,-,2305,-,245,3.1,6.9,9.1,10.7,12.1,13.4,16.6,-,-,-,-,-,-,-,-,-,-,-,-,-,-,-,-,-,-,-,-,-,-,-,-,-
6.10,F60-C,Cement & Concrete Composites,Evaluation of sustainable high-volume fly ash concretes,"A. Durán-Herrera, C.A. Juárez, P. Valdez, D.P. Bentz",2010,32.1,0.6,Fly Ash,60,58.8,19.6,4.5,-,3.13,-,-,3.4,62.3,22,6,-,2.38,-,-,2292,-,245,-,4.6,6.7,7.9,9.4,9.8,12.6,-,-,-,-,-,-,-,-,-,-,-,-,-,-,-,-,-,-,-,-,-,-,-,-,-
6.10,F75-C,Cement & Concrete Composites,Evaluation of sustainable high-volume fly ash concretes,"A. Durán-Herrera, C.A. Juárez, P. Valdez, D.P. Bentz",2010,32.1,0.6,Fly Ash,75,58.8,19.6,4.5,-,3.13,-,-,3.4,62.3,22,6,-,2.38,-,-,2288,-,250,-,-,2.6,3.8,4.2,5,6.7,-,-,-,-,-,-,-,-,-,-,-,-,-,-,-,-,-,-,-,-,-,-,-,-,-
9.1,CO,Cement and Concrete Research,Pore structure and its effect on strength of high-volume fly ash paste,"Linhua Jiang, Yugang Guan ",1999,95.3,0.26,Fly Ash,0,63.78,21.42,4.68,-,3.16,-,-,3.69,44.98,30.08,13.92,-,2.38,-,-,-,-,-,-,63,68.8,-,-,95.3,-,96.4,-,-,-,-,-,-,-,-,12.2,14.4,-,12.9,-,12.9,-,-,-,-,-,-,-,-,-,-
9.1,F40,Cement and Concrete Research,Pore structure and its effect on strength of high-volume fly ash paste,"Linhua Jiang, Yugang Guan ",1999,95.3,0.27,Fly Ash,40,63.78,21.42,4.68,-,3.16,-,-,3.69,44.98,30.08,13.92,-,2.38,-,-,-,-,-,-,28.6,36,-,-,47.5,-,74.4,-,-,-,-,-,-,-,-,5.6,6.2,-,5.2,-,7.3,-,-,-,-,-,-,-,-,-,-
9.1,F551,Cement and Concrete Research,Pore structure and its effect on strength of high-volume fly ash paste,"Linhua Jiang, Yugang Guan ",1999,95.3,0.28,Fly Ash,55,63.78,21.42,4.68,-,3.16,-,-,3.69,44.98,30.08,13.92,-,2.38,-,-,-,-,-,-,20.6,27,-,-,52.1,-,59.8,-,-,-,-,-,-,-,-,3.8,4.5,-,5.1,-,5.8,-,-,-,-,-,-,-,-,-,-
9.1,F70,Cement and Concrete Research,Pore structure and its effect on strength of high-volume fly ash paste,"Linhua Jiang, Yugang Guan ",1999,95.3,0.3,Fly Ash,70,63.78,21.42,4.68,-,3.16,-,-,3.69,44.98,30.08,13.92,-,2.38,-,-,-,-,-,-,14.5,20,-,-,29.9,-,48.8,-,-,-,-,-,-,-,-,2.6,3.1,-,3.8,-,4.5,-,-,-,-,-,-,-,-,-,-
9.1,F552,Cement and Concrete Research,Pore structure and its effect on strength of high-volume fly ash paste,"Linhua Jiang, Yugang Guan ",1999,95.3,0.38,Fly Ash,55,63.78,21.42,4.68,-,3.16,-,-,3.69,44.98,30.08,13.92,-,2.38,-,-,-,-,-,-,0.9,13.2,-,-,25.4,-,57.2,-,-,-,-,-,-,-,-,0.3,3.1,-,3.3,-,4.6,-,-,-,-,-,-,-,-,-,-
9.2,M1,Cement and Concrete Research,A study on high strength concrete prepared with large volumes of low calcium fly ash,"C.S. Poon, L. Lam, Y.L. Wong",1999,97.4,0.24,Fly Ash,0,64.7,21,5.9,3.4,-,3519,-,3,56.8,28.2,5.3,-,-,3860,-,-,-,-,-,70,79.5,-,-,97.4,-,110.2,-,-,-,-,-,-,-,-,-,-,-,-,-,-,-,-,-,-,-,-,-,-,-,-
9.2,M2,Cement and Concrete Research,A study on high strength concrete prepared with large volumes of low calcium fly ash,"C.S. Poon, L. Lam, Y.L. Wong",1999,97.4,0.24,Fly Ash,25,64.7,21,5.9,3.4,-,3519,-,3,56.8,28.2,5.3,-,-,3860,-,-,-,-,-,62.3,74.6,-,-,105.9,-,124.5,-,-,-,-,-,-,-,-,-,-,-,-,-,-,-,-,-,-,-,-,-,-,-,-
9.2,M3,Cement and Concrete Research,A study on high strength concrete prepared with large volumes of low calcium fly ash,"C.S. Poon, L. Lam, Y.L. Wong",1999,97.4,0.24,Fly Ash,45,64.7,21,5.9,3.4,-,3519,-,3,56.8,28.2,5.3,-,-,3860,-,-,-,-,-,42.5,56.3,-,-,89.4,-,107.2,-,-,-,-,-,-,-,-,-,-,-,-,-,-,-,-,-,-,-,-,-,-,-,-
9.2,M4,Cement and Concrete Research,A study on high strength concrete prepared with large volumes of low calcium fly ash,"C.S. Poon, L. Lam, Y.L. Wong",1999,96.8,0.19,Fly Ash,0,64.7,21,5.9,3.4,-,3519,-,3,56.8,28.2,5.3,-,-,3860,-,-,-,-,-,78,83.5,-,-,96.8,-,114.5,-,-,-,-,-,-,-,-,-,-,-,-,-,-,-,-,-,-,-,-,-,-,-,-
9.2,M5,Cement and Concrete Research,A study on high strength concrete prepared with large volumes of low calcium fly ash,"C.S. Poon, L. Lam, Y.L. Wong",1999,96.8,0.19,Fly Ash,25,64.7,21,5.9,3.4,-,3519,-,3,56.8,28.2,5.3,-,-,3860,-,-,-,-,-,66.8,74.2,-,-,102.3,-,123.6,-,-,-,-,-,-,-,-,-,-,-,-,-,-,-,-,-,-,-,-,-,-,-,-
9.2,M6,Cement and Concrete Research,A study on high strength concrete prepared with large volumes of low calcium fly ash,"C.S. Poon, L. Lam, Y.L. Wong",1999,96.8,0.19,Fly Ash,45,64.7,21,5.9,3.4,-,3519,-,3,56.8,28.2,5.3,-,-,3860,-,-,-,-,-,41.7,56.4,-,-,88.5,-,109.2,-,-,-,-,-,-,-,-,-,-,-,-,-,-,-,-,-,-,-,-,-,-,-,-
9.2,M1,Cement and Concrete Research,A study on high strength concrete prepared with large volumes of low calcium fly ash,"C.S. Poon, L. Lam, Y.L. Wong",1999,103.7,0.24,Fly Ash,0,64.7,21,5.9,3.4,-,3519,-,3,56.8,28.2,5.3,-,-,3860,-,-,-,-,-,-,74.7,-,-,103.7,-,119,-,-,-,-,-,-,-,-,-,-,-,-,-,-,-,-,-,-,-,-,-,-,-,-
9.2,M2,Cement and Concrete Research,A study on high strength concrete prepared with large volumes of low calcium fly ash,"C.S. Poon, L. Lam, Y.L. Wong",1999,103.7,0.24,Fly Ash,25,64.7,21,5.9,3.4,-,3519,-,3,56.8,28.2,5.3,-,-,3860,-,-,-,-,-,-,69.5,-,-,99.5,-,120.2,-,-,-,-,-,-,-,-,-,-,-,-,-,-,-,-,-,-,-,-,-,-,-,-
9.2,M3,Cement and Concrete Research,A study on high strength concrete prepared with large volumes of low calcium fly ash,"C.S. Poon, L. Lam, Y.L. Wong",1999,103.7,0.24,Fly Ash,45,64.7,21,5.9,3.4,-,3519,-,3,56.8,28.2,5.3,-,-,3860,-,-,-,-,-,-,56,-,-,95,-,104.5,-,-,-,-,-,-,-,-,-,-,-,-,-,-,-,-,-,-,-,-,-,-,-,-
9.2,M4,Cement and Concrete Research,A study on high strength concrete prepared with large volumes of low calcium fly ash,"C.S. Poon, L. Lam, Y.L. Wong",1999,116,0.19,Fly Ash,0,64.7,21,5.9,3.4,-,3519,-,3,56.8,28.2,5.3,-,-,3860,-,-,-,-,-,-,85.7,-,-,116,-,133.9,-,-,-,-,-,-,-,-,-,-,-,-,-,-,-,-,-,-,-,-,-,-,-,-
9.2,M5,Cement and Concrete Research,A study on high strength concrete prepared with large volumes of low calcium fly ash,"C.S. Poon, L. Lam, Y.L. Wong",1999,116,0.19,Fly Ash,25,64.7,21,5.9,3.4,-,3519,-,3,56.8,28.2,5.3,-,-,3860,-,-,-,-,-,-,74.9,-,-,113.3,-,136.9,-,-,-,-,-,-,-,-,-,-,-,-,-,-,-,-,-,-,-,-,-,-,-,-
9.2,M6,Cement and Concrete Research,A study on high strength concrete prepared with large volumes of low calcium fly ash,"C.S. Poon, L. Lam, Y.L. Wong",1999,116,0.19,Fly Ash,45,64.7,21,5.9,3.4,-,3519,-,3,56.8,28.2,5.3,-,-,3860,-,-,-,-,-,-,54.7,-,-,99,-,116.1,-,-,-,-,-,-,-,-,-,-,-,-,-,-,-,-,-,-,-,-,-,-,-,-
9.7,M1,Construction and Building Materials,Investigating mechanical properties and self-healing behavior of micro-cracked ECC with different volume of fly ash,"Zhigang Zhang, Shunzhi Qian b, Hui Ma",2013,47,0.25,Fly Ash,54,-,-,-,-,-,-,-,8.63,53.39,22.52,5.72,-,2.39,-,-,-,-,-,-,-,-,-,-,47,-,-,-,-,-,-,-,-,-,-,-,-,-,11.7,-,-,-,-,-,-,-,-,-,-,-,-
9.7,M2,Construction and Building Materials,Investigating mechanical properties and self-healing behavior of micro-cracked ECC with different volume of fly ash,"Zhigang Zhang, Shunzhi Qian b, Hui Ma",2013,36,0.25,Fly Ash,68,-,-,-,-,-,-,-,8.63,53.39,22.52,5.72,-,2.39,-,-,-,-,-,-,-,-,-,-,36,-,-,-,-,-,-,-,-,-,-,-,-,-,10.5,-,-,-,-,-,-,-,-,-,-,-,-
9.7,M3,Construction and Building Materials,Investigating mechanical properties and self-healing behavior of micro-cracked ECC with different volume of fly ash,"Zhigang Zhang, Shunzhi Qian b, Hui Ma",2013,24,0.25,Fly Ash,80,-,-,-,-,-,-,-,8.63,53.39,22.52,5.72,-,2.39,-,-,-,-,-,-,-,-,-,-,24,-,-,-,-,-,-,-,-,-,-,-,-,-,8.1,-,-,-,-,-,-,-,-,-,-,-,-
9.8,M-PC,Construction and Building Materials,Mechanical and durability properties of high volume fly ash (HVFA) concrete containing calcium carbonate (CaCO3) nanoparticles,"Faiz U.A. Shaikh, Steve W.M. Supit",2014,35,0.4,Fly Ash,0,63.9,20.2,4.9,-,3,-,-,1.61,51.8,26.4,13.2,-,2.6,-,-,-,-,140,-,-,30,-,-,35,-,-,-,-,-,-,-,-,-,-,-,-,-,-,-,-,-,-,-,-,-,-,-,-,65,-
9.8,M-FA40,Construction and Building Materials,Mechanical and durability properties of high volume fly ash (HVFA) concrete containing calcium carbonate (CaCO3) nanoparticles,"Faiz U.A. Shaikh, Steve W.M. Supit",2014,35,0.4,Fly Ash,40,63.9,20.2,4.9,-,3,-,-,1.61,51.8,26.4,13.2,-,2.6,-,-,-,-,160,-,-,23,-,-,36,-,-,-,-,-,-,-,-,-,-,-,-,-,-,-,-,-,-,-,-,-,-,-,-,55,-
9.8,M-FA60,Construction and Building Materials,Mechanical and durability properties of high volume fly ash (HVFA) concrete containing calcium carbonate (CaCO3) nanoparticles,"Faiz U.A. Shaikh, Steve W.M. Supit",2014,35,0.4,Fly Ash,60,63.9,20.2,4.9,-,3,-,-,1.61,51.8,26.4,13.2,-,2.6,-,-,-,-,200,-,-,12,-,-,16,-,-,-,-,-,-,-,-,-,-,-,-,-,-,-,-,-,-,-,-,-,-,-,-,82,-
9.8,M-NC1,Construction and Building Materials,Mechanical and durability properties of high volume fly ash (HVFA) concrete containing calcium carbonate (CaCO3) nanoparticles,"Faiz U.A. Shaikh, Steve W.M. Supit",2014,35,0.4,Nano CaCO3,1,63.9,20.2,4.9,-,3,-,-,97.8,-,-,0.02,-,-,-,-,-,-,135,-,-,36,-,-,41,-,-,-,-,-,-,-,-,-,-,-,-,-,-,-,-,-,-,-,-,-,-,-,-,51,-
9.8,M-NC2,Construction and Building Materials,Mechanical and durability properties of high volume fly ash (HVFA) concrete containing calcium carbonate (CaCO3) nanoparticles,"Faiz U.A. Shaikh, Steve W.M. Supit",2014,35,0.4,Nano CaCO3,2,63.9,20.2,4.9,-,3,-,-,97.8,-,-,0.02,-,-,-,-,-,-,120,-,-,25,-,-,34,-,-,-,-,-,-,-,-,-,-,-,-,-,-,-,-,-,-,-,-,-,-,-,-,59,-
9.8,M-NC3,Construction and Building Materials,Mechanical and durability properties of high volume fly ash (HVFA) concrete containing calcium carbonate (CaCO3) nanoparticles,"Faiz U.A. Shaikh, Steve W.M. Supit",2014,35,0.4,Nano CaCO3,3,63.9,20.2,4.9,-,3,-,-,97.8,-,-,0.02,-,-,-,-,-,-,-,-,-,22,-,-,28,-,-,-,-,-,-,-,-,-,-,-,-,-,-,-,-,-,-,-,-,-,-,-,-,-,-
9.8,M-NC4,Construction and Building Materials,Mechanical and durability properties of high volume fly ash (HVFA) concrete containing calcium carbonate (CaCO3) nanoparticles,"Faiz U.A. Shaikh, Steve W.M. Supit",2014,35,0.4,Nano CaCO3,4,63.9,20.2,4.9,-,3,-,-,97.8,-,-,0.02,-,-,-,-,-,-,-,-,-,21,-,-,26,-,-,-,-,-,-,-,-,-,-,-,-,-,-,-,-,-,-,-,-,-,-,-,-,-,-
9.8,M-FA39.NC1,Construction and Building Materials,Mechanical and durability properties of high volume fly ash (HVFA) concrete containing calcium carbonate (CaCO3) nanoparticles,"Faiz U.A. Shaikh, Steve W.M. Supit",2014,35,0.4,Fly Ash and Calcium carbonate nanoparticles,40,63.9,20.2,4.9,-,3,-,-,1.61,51.8,26.4,13.2,-,2.6,-,-,-,-,150,-,-,28,-,-,37,-,-,-,-,-,-,-,-,-,-,-,-,-,-,-,-,-,-,-,-,-,-,-,-,52,-
9.8,M-FA59.NC1,Construction and Building Materials,Mechanical and durability properties of high volume fly ash (HVFA) concrete containing calcium carbonate (CaCO3) nanoparticles,"Faiz U.A. Shaikh, Steve W.M. Supit",2014,35,0.4,Fly Ash and Calcium carbonate nanoparticles,60,63.9,20.2,4.9,-,3,-,-,1.61,51.8,26.4,13.2,-,2.6,-,-,-,-,170,-,-,24,-,-,33,-,-,-,-,-,-,-,-,-,-,-,-,-,-,-,-,-,-,-,-,-,-,-,-,82,-
9.9,PC,Materials and Design,A study on the effect of nano silica on compressive strength of high volume fly ash mortars and concretes,"F.U.A. Shaikh, S.W.M. Supit, P.K. Sarker",2014,35,0.4,Fly Ash,0,63.9,20.2,4.9,-,3,-,-,1.61,51.8,26.4,13.2,-,2.6,-,-,-,-,135,-,-,30,-,-,35,-,-,-,-,-,-,-,-,-,-,-,-,-,-,-,-,-,-,-,-,-,-,-,-,-,-
9.9,FA40,Materials and Design,A study on the effect of nano silica on compressive strength of high volume fly ash mortars and concretes,"F.U.A. Shaikh, S.W.M. Supit, P.K. Sarker",2014,35,0.4,Fly Ash,40,63.9,20.2,4.9,-,3,-,-,1.61,51.8,26.4,13.2,-,2.6,-,-,-,-,140,-,-,23,-,-,36,-,-,-,-,-,-,-,-,-,-,-,-,-,-,-,-,-,-,-,-,-,-,-,-,-,-
9.9,FA50,Materials and Design,A study on the effect of nano silica on compressive strength of high volume fly ash mortars and concretes,"F.U.A. Shaikh, S.W.M. Supit, P.K. Sarker",2014,35,0.4,Fly Ash,50,63.9,20.2,4.9,-,3,-,-,1.61,51.8,26.4,13.2,-,2.6,-,-,-,-,150,-,-,13,-,-,21,-,-,-,-,-,-,-,-,-,-,-,-,-,-,-,-,-,-,-,-,-,-,-,-,-,-
9.9,FA60,Materials and Design,A study on the effect of nano silica on compressive strength of high volume fly ash mortars and concretes,"F.U.A. Shaikh, S.W.M. Supit, P.K. Sarker",2014,35,0.4,Fly Ash,60,63.9,20.2,4.9,-,3,-,-,1.61,51.8,26.4,13.2,-,2.6,-,-,-,-,175,-,-,12,-,-,16,-,-,-,-,-,-,-,-,-,-,-,-,-,-,-,-,-,-,-,-,-,-,-,-,-,-
9.9,FA70,Materials and Design,A study on the effect of nano silica on compressive strength of high volume fly ash mortars and concretes,"F.U.A. Shaikh, S.W.M. Supit, P.K. Sarker",2014,35,0.4,Fly Ash,70,63.9,20.2,4.9,-,3,-,-,1.61,51.8,26.4,13.2,-,2.6,-,-,-,-,195,-,-,6,-,-,9,-,-,-,-,-,-,-,-,-,-,-,-,-,-,-,-,-,-,-,-,-,-,-,-,-,-
9.9,NS1,Materials and Design,A study on the effect of nano silica on compressive strength of high volume fly ash mortars and concretes,"F.U.A. Shaikh, S.W.M. Supit, P.K. Sarker",2014,35,0.4,Nano silica,1,63.9,20.2,4.9,-,3,-,-,-,99,-,-,-,2.4,-,-,-,-,175,-,-,34,-,-,38,-,-,-,-,-,-,-,-,-,-,-,-,-,-,-,-,-,-,-,-,-,-,-,-,-,-
9.9,NS2,Materials and Design,A study on the effect of nano silica on compressive strength of high volume fly ash mortars and concretes,"F.U.A. Shaikh, S.W.M. Supit, P.K. Sarker",2014,35,0.4,Nano silica,2,63.9,20.2,4.9,-,3,-,-,-,99,-,-,-,2.4,-,-,-,-,165,-,-,35,-,-,40,-,-,-,-,-,-,-,-,-,-,-,-,-,-,-,-,-,-,-,-,-,-,-,-,-,-
9.9,NS4,Materials and Design,A study on the effect of nano silica on compressive strength of high volume fly ash mortars and concretes,"F.U.A. Shaikh, S.W.M. Supit, P.K. Sarker",2014,35,0.4,Nano silica,4,63.9,20.2,4.9,-,3,-,-,-,99,-,-,-,2.4,-,-,-,-,150,-,-,31,-,-,36,-,-,-,-,-,-,-,-,-,-,-,-,-,-,-,-,-,-,-,-,-,-,-,-,-,-
9.9,NS6,Materials and Design,A study on the effect of nano silica on compressive strength of high volume fly ash mortars and concretes,"F.U.A. Shaikh, S.W.M. Supit, P.K. Sarker",2014,35,0.4,Nano silica,6,63.9,20.2,4.9,-,3,-,-,-,99,-,-,-,2.4,-,-,-,-,135,-,-,28,-,-,31,-,-,-,-,-,-,-,-,-,-,-,-,-,-,-,-,-,-,-,-,-,-,-,-,-,-
9.9,FA38.NS2,Materials and Design,A study on the effect of nano silica on compressive strength of high volume fly ash mortars and concretes,"F.U.A. Shaikh, S.W.M. Supit, P.K. Sarker",2014,35,0.4,Fly Ash and Nano silica,40,63.9,20.2,4.9,-,3,-,-,1.61,51.8,26.4,13.2,-,2.6,-,-,-,-,135,-,-,24,-,-,37,-,-,-,-,-,-,-,-,-,-,-,-,-,-,-,-,-,-,-,-,-,-,-,-,-,-
9.9,FA48.NS2,Materials and Design,A study on the effect of nano silica on compressive strength of high volume fly ash mortars and concretes,"F.U.A. Shaikh, S.W.M. Supit, P.K. Sarker",2014,35,0.4,Fly Ash and Nano silica,50,63.9,20.2,4.9,-,3,-,-,1.61,51.8,26.4,13.2,-,2.6,-,-,-,-,155,-,-,12,-,-,22,-,-,-,-,-,-,-,-,-,-,-,-,-,-,-,-,-,-,-,-,-,-,-,-,-,-
9.9,FA58.NS2,Materials and Design,A study on the effect of nano silica on compressive strength of high volume fly ash mortars and concretes,"F.U.A. Shaikh, S.W.M. Supit, P.K. Sarker",2014,35,0.4,Fly Ash and Nano silica,60,63.9,20.2,4.9,-,3,-,-,1.61,51.8,26.4,13.2,-,2.6,-,-,-,-,160,-,-,9,-,-,20,-,-,-,-,-,-,-,-,-,-,-,-,-,-,-,-,-,-,-,-,-,-,-,-,-,-
9.9,FA68.NS2,Materials and Design,A study on the effect of nano silica on compressive strength of high volume fly ash mortars and concretes,"F.U.A. Shaikh, S.W.M. Supit, P.K. Sarker",2014,35,0.4,Fly Ash and Nano silica,70,63.9,20.2,4.9,-,3,-,-,1.61,51.8,26.4,13.2,-,2.6,-,-,-,-,175,-,-,6,-,-,14,-,-,-,-,-,-,-,-,-,-,-,-,-,-,-,-,-,-,-,-,-,-,-,-,-,-
9.10,M1,Cement and Concrete Research,Degree of hydration and gel/space ratio of high-volume fly ash/cement systems,"L. Lam, Y.L. Wong, C.S. Poon",2000,116,0.19,Fly Ash,0,64.7,21,5.9,-,-,3519,-,3,56.8,28.2,5.3,-,-,3860,-,-,-,-,-,-,85.6,-,-,116,-,133.9,-,-,-,-,-,-,-,-,-,-,-,-,-,-,-,-,-,-,-,-,-,-,-,-
9.10,M2,Cement and Concrete Research,Degree of hydration and gel/space ratio of high-volume fly ash/cement systems,"L. Lam, Y.L. Wong, C.S. Poon",2000,116,0.19,Fly Ash,25,64.7,21,5.9,-,-,3519,-,3,56.8,28.2,5.3,-,-,3860,-,-,-,-,-,-,74.9,-,-,113.3,-,136.9,-,-,-,-,-,-,-,-,-,-,-,-,-,-,-,-,-,-,-,-,-,-,-,-
9.10,M3,Cement and Concrete Research,Degree of hydration and gel/space ratio of high-volume fly ash/cement systems,"L. Lam, Y.L. Wong, C.S. Poon",2000,116,0.19,Fly Ash,45,64.7,21,5.9,-,-,3519,-,3,56.8,28.2,5.3,-,-,3860,-,-,-,-,-,-,54.7,-,-,94.9,-,116.1,-,-,-,-,-,-,-,-,-,-,-,-,-,-,-,-,-,-,-,-,-,-,-,-
9.10,M4,Cement and Concrete Research,Degree of hydration and gel/space ratio of high-volume fly ash/cement systems,"L. Lam, Y.L. Wong, C.S. Poon",2000,103.7,0.24,Fly Ash,0,64.7,21,5.9,-,-,3519,-,3,56.8,28.2,5.3,-,-,3860,-,-,-,-,-,-,74.7,-,-,103.7,-,119,-,-,-,-,-,-,-,-,-,-,-,-,-,-,-,-,-,-,-,-,-,-,-,-
9.10,M5,Cement and Concrete Research,Degree of hydration and gel/space ratio of high-volume fly ash/cement systems,"L. Lam, Y.L. Wong, C.S. Poon",2000,103.7,0.24,Fly Ash,25,64.7,21,5.9,-,-,3519,-,3,56.8,28.2,5.3,-,-,3860,-,-,-,-,-,-,69.5,-,-,99.5,-,120.2,-,-,-,-,-,-,-,-,-,-,-,-,-,-,-,-,-,-,-,-,-,-,-,-
9.10,M6,Cement and Concrete Research,Degree of hydration and gel/space ratio of high-volume fly ash/cement systems,"L. Lam, Y.L. Wong, C.S. Poon",2000,103.7,0.24,Fly Ash,45,64.7,21,5.9,-,-,3519,-,3,56.8,28.2,5.3,-,-,3860,-,-,-,-,-,-,56,-,-,95,-,104.5,-,-,-,-,-,-,-,-,-,-,-,-,-,-,-,-,-,-,-,-,-,-,-,-
9.10,M7,Cement and Concrete Research,Degree of hydration and gel/space ratio of high-volume fly ash/cement systems,"L. Lam, Y.L. Wong, C.S. Poon",2000,80.9,0.3,Fly Ash,0,64.7,21,5.9,-,-,3519,-,3,56.8,28.2,5.3,-,-,3860,-,-,-,-,-,-,67.2,-,-,80.9,-,97.6,-,-,-,-,-,-,-,-,-,-,-,-,-,-,-,-,-,-,-,-,-,-,-,-
9.10,M8,Cement and Concrete Research,Degree of hydration and gel/space ratio of high-volume fly ash/cement systems,"L. Lam, Y.L. Wong, C.S. Poon",2000,80.9,0.3,Fly Ash,25,64.7,21,5.9,-,-,3519,-,3,56.8,28.2,5.3,-,-,3860,-,-,-,-,-,-,55.3,-,-,75.5,-,106.1,-,-,-,-,-,-,-,-,-,-,-,-,-,-,-,-,-,-,-,-,-,-,-,-
9.10,M9,Cement and Concrete Research,Degree of hydration and gel/space ratio of high-volume fly ash/cement systems,"L. Lam, Y.L. Wong, C.S. Poon",2000,80.9,0.3,Fly Ash,55,64.7,21,5.9,-,-,3519,-,3,56.8,28.2,5.3,-,-,3860,-,-,-,-,-,-,31,-,-,58.9,-,79,-,-,-,-,-,-,-,-,-,-,-,-,-,-,-,-,-,-,-,-,-,-,-,-
9.10,M10,Cement and Concrete Research,Degree of hydration and gel/space ratio of high-volume fly ash/cement systems,"L. Lam, Y.L. Wong, C.S. Poon",2000,37.5,0.5,Fly Ash,0,64.7,21,5.9,-,-,3519,-,3,56.8,28.2,5.3,-,-,3860,-,-,-,-,-,-,21.8,-,-,37.5,-,54.2,-,-,-,-,-,-,-,-,-,-,-,-,-,-,-,-,-,-,-,-,-,-,-,-
9.10,M11,Cement and Concrete Research,Degree of hydration and gel/space ratio of high-volume fly ash/cement systems,"L. Lam, Y.L. Wong, C.S. Poon",2000,37.5,0.5,Fly Ash,25,64.7,21,5.9,-,-,3519,-,3,56.8,28.2,5.3,-,-,3860,-,-,-,-,-,-,16.9,-,-,31,-,48,-,-,-,-,-,-,-,-,-,-,-,-,-,-,-,-,-,-,-,-,-,-,-,-
9.10,M12,Cement and Concrete Research,Degree of hydration and gel/space ratio of high-volume fly ash/cement systems,"L. Lam, Y.L. Wong, C.S. Poon",2000,37.5,0.5,Fly Ash,55,64.7,21,5.9,-,-,3519,-,3,56.8,28.2,5.3,-,-,3860,-,-,-,-,-,-,10,-,-,23.3,-,42.3,-,-,-,-,-,-,-,-,-,-,-,-,-,-,-,-,-,-,-,-,-,-,-,-
9.12,PC,Cement and Concrete Research xx (2003),Properties of concrete incorporating high volumes of class F fly ash and san fibers,Rafat Siddique,2003,36,0.47,Fly Ash,0,-,-,-,-,-,-,-,6.1,57.3,27.1,5.4,-,-,-,-,-,-,45,-,-,-,-,-,36,-,-,-,-,-,-,-,-,-,-,-,-,-,5.3,-,-,-,-,-,4,-,-,-,-,-,-
9.12,FC35,Cement and Concrete Research xx (2003),Properties of concrete incorporating high volumes of class F fly ash and san fibers,Rafat Siddique,2003,36,0.47,Fly Ash,35,-,-,-,-,-,-,-,6.1,57.3,27.1,5.4,-,-,-,-,-,-,60,-,-,-,-,-,26.7,-,-,-,-,-,-,-,-,-,-,-,-,-,2.9,-,-,-,-,-,2.9,-,-,-,-,-,-
9.12,FC45,Cement and Concrete Research xx (2003),Properties of concrete incorporating high volumes of class F fly ash and san fibers,Rafat Siddique,2003,36,0.47,Fly Ash,45,-,-,-,-,-,-,-,6.1,57.3,27.1,5.4,-,-,-,-,-,-,65,-,-,-,-,-,24.6,-,-,-,-,-,-,-,-,-,-,-,-,-,2.5,-,-,-,-,-,2.6,-,-,-,-,-,-
9.12,FC55,Cement and Concrete Research xx (2003),Properties of concrete incorporating high volumes of class F fly ash and san fibers,Rafat Siddique,2003,36,0.47,Fly Ash,55,-,-,-,-,-,-,-,6.1,57.3,27.1,5.4,-,-,-,-,-,-,75,-,-,-,-,-,23.1,-,-,-,-,-,-,-,-,-,-,-,-,-,2.3,-,-,-,-,-,2.2,-,-,-,-,-,-
9.15,PC,Construction and Building Materials 21 (2007) 150–156,Hybrid fiber reinforced self-compacting concrete with a high-volume coarse fly ash,"Mustafa Sahmaran, I. Ozgur Yaman",2005,40.7,0.50,Fly Ash,0,61.94,18.08,5.58,-,3.09,-,-,11.31,49.55,13.34,8.51,-,2.01,-,-,-,-,550,-,-,-,-,-,40.7,41.7,-,-,-,-,-,-,-,-,-,-,-,-,-,-,-,-,-,-,3.58,3.68,-,-,-,-,-
9.15,FA,Construction and Building Materials 21 (2007) 150–157,Hybrid fiber reinforced self-compacting concrete with a high-volume coarse fly ash,"Mustafa Sahmaran, I. Ozgur Yaman",2005,40.7,0.46,Fly Ash,50,61.94,18.08,5.58,-,3.09,-,-,11.31,49.55,13.34,8.51,-,2.01,-,-,-,-,690,-,-,-,-,-,23.3,28.6,-,-,-,-,-,-,-,-,-,-,-,-,-,-,-,-,-,-,2.82,3.34,-,-,-,-,-
9.15,FA_SF1,Construction and Building Materials 21 (2007) 150–158,Hybrid fiber reinforced self-compacting concrete with a high-volume coarse fly ash,"Mustafa Sahmaran, I. Ozgur Yaman",2005,40.7,0.45,Fly Ash,50,61.94,18.08,5.58,-,3.09,-,-,11.31,49.55,13.34,8.51,-,2.01,-,-,-,-,660,-,-,-,-,-,19.6,24.5,-,-,-,-,-,-,-,-,-,-,-,-,-,-,-,-,-,-,3.1,3.69,-,-,-,-,-
9.15,FA_SF1&SF2,Construction and Building Materials 21 (2007) 150–159,Hybrid fiber reinforced self-compacting concrete with a high-volume coarse fly ash,"Mustafa Sahmaran, I. Ozgur Yaman",2005,40.7,0.41,Fly Ash,50,61.94,18.08,5.58,-,3.09,-,-,11.31,49.55,13.34,8.51,-,2.01,-,-,-,-,630,-,-,-,-,-,22.8,26.1,-,-,-,-,-,-,-,-,-,-,-,-,-,-,-,-,-,-,3.4,3.82,-,-,-,-,-
9.15,FA_SF2,Construction and Building Materials 21 (2007) 150–160,Hybrid fiber reinforced self-compacting concrete with a high-volume coarse fly ash,"Mustafa Sahmaran, I. Ozgur Yaman",2005,40.7,0.41,Fly Ash,50,61.94,18.08,5.58,-,3.09,-,-,11.31,49.55,13.34,8.51,-,2.01,-,-,-,-,700,-,-,-,-,-,22.5,31.8,-,-,-,-,-,-,-,-,-,-,-,-,-,-,-,-,-,-,3.08,3.23,-,-,-,-,-
9.19,HESC,JOURNAL OF MATERIALS IN CIVIL ENGINEERING  ASCE / MARCH 2013,High-Volume Fly Ash Concrete with and without Hydrated Lime: Chloride Diffusion Coefficient from Accelerated Test,"J. Hoppe Filho, M. H. F. Medeiros, E. Pereira, P. Helene, M.ASCE, G. C. Isaia",2013,55.5,0.52,Fly Ash,0,64.8,17.1,3.7,-,3.02,-,-,4,63.6,25.1,2.7,-,2.38,-,-,-,-,85,-,-,-,-,-,-,-,55.5,-,-,-,-,-,-,-,-,-,-,-,-,-,-,-,-,-,-,-,-,-,-,-,-
9.19,HESC+Fly Ash,JOURNAL OF MATERIALS IN CIVIL ENGINEERING  ASCE / MARCH 2014,High-Volume Fly Ash Concrete with and without Hydrated Lime: Chloride Diffusion Coefficient from Accelerated Test,"J. Hoppe Filho, M. H. F. Medeiros, E. Pereira, P. Helene, M.ASCE, G. C. Isaia",2013,55.5,0.42,Fly Ash,50,64.8,17.1,3.7,-,3.02,-,-,4,63.6,25.1,2.7,-,2.38,-,-,-,-,85,-,-,-,-,-,-,-,54.3,-,-,-,-,-,-,-,-,-,-,-,-,-,-,-,-,-,-,-,-,-,-,-,-
9.19,HESC+Fly Ash+Hydrated Lime,JOURNAL OF MATERIALS IN CIVIL ENGINEERING  ASCE / MARCH 2015,High-Volume Fly Ash Concrete with and without Hydrated Lime: Chloride Diffusion Coefficient from Accelerated Test,"J. Hoppe Filho, M. H. F. Medeiros, E. Pereira, P. Helene, M.ASCE, G. C. Isaia",2013,55.5,0.43,Fly Ash and Hydrated Lime,60,64.8,17.1,3.7,-,3.02,-,-,4,63.6,25.1,2.7,-,2.38,-,-,-,-,85,-,-,-,-,-,-,-,54,-,-,-,-,-,-,-,-,-,-,-,-,-,-,-,-,-,-,-,-,-,-,-,-
9.22,M1,Canadian Journal of Civil Engineering ,Carbonation of fly ash concrete: laboratory and field data,"N. Bouzoubaa, A. Bilodeau, B. Tamtsia, and S. Foo",2010,29.6,0.52,Fly Ash,0,62,20.3,4.2,-,3.15,4100,-,4.2,42.7,20.3,23.7,-,2.27,1930,-,2243,-,90,-,22.2,24.1,-,-,29.6,35.5,34.6,-,-,-,-,-,-,-,-,-,-,-,-,-,-,-,-,-,-,-,-,-,-,-,-
9.22,M2,Canadian Journal of Civil Engineering ,Carbonation of fly ash concrete: laboratory and field data,"N. Bouzoubaa, A. Bilodeau, B. Tamtsia, and S. Foo",2010,29.6,0.47,Fly Ash,20,62,20.3,4.2,-,3.15,4100,-,4.2,42.7,20.3,23.7,-,2.27,1930,-,2195,-,140,-,17.4,19.9,-,-,26.6,31.3,34.7,-,-,-,-,-,-,-,-,-,-,-,-,-,-,-,-,-,-,-,-,-,-,-,-
9.22,M3,Canadian Journal of Civil Engineering ,Carbonation of fly ash concrete: laboratory and field data,"N. Bouzoubaa, A. Bilodeau, B. Tamtsia, and S. Foo",2010,29.6,0.43,Fly Ash,35,62,20.3,4.2,-,3.15,4100,-,4.2,42.7,20.3,23.7,-,2.27,1930,-,2215,-,100,-,16.7,20,-,-,29.1,34.7,38.1,-,-,-,-,-,-,-,-,-,-,-,-,-,-,-,-,-,-,-,-,-,-,-,-
9.22,M4,Canadian Journal of Civil Engineering ,Carbonation of fly ash concrete: laboratory and field data,"N. Bouzoubaa, A. Bilodeau, B. Tamtsia, and S. Foo",2010,29.6,0.41,Fly Ash,50,62,20.3,4.2,-,3.15,4100,-,4.2,42.7,20.3,23.7,-,2.27,1930,-,2190,-,130,-,12.3,13.3,-,-,24.9,32.2,35.2,-,-,-,-,-,-,-,-,-,-,-,-,-,-,-,-,-,-,-,-,-,-,-,-
9.22,M5,Canadian Journal of Civil Engineering ,Carbonation of fly ash concrete: laboratory and field data,"N. Bouzoubaa, A. Bilodeau, B. Tamtsia, and S. Foo",2010,37.8,0.43,Fly Ash,0,62,20.3,4.2,-,3.15,4100,-,4.2,42.7,20.3,23.7,-,2.27,1930,-,2300,-,130,-,28.1,32.2,-,-,37.8,38.2,38.8,-,-,-,-,-,-,-,-,-,-,-,-,-,-,-,-,-,-,-,-,-,-,-,-
9.22,M6,Canadian Journal of Civil Engineering ,Carbonation of fly ash concrete: laboratory and field data,"N. Bouzoubaa, A. Bilodeau, B. Tamtsia, and S. Foo",2010,37.8,0.4,Fly Ash,20,62,20.3,4.2,-,3.15,4100,-,4.2,42.7,20.3,23.7,-,2.27,1930,-,2270,-,105,-,28.4,31.4,-,-,39.4,47.3,51.5,-,-,-,-,-,-,-,-,-,-,-,-,-,-,-,-,-,-,-,-,-,-,-,-
9.22,M7,Canadian Journal of Civil Engineering ,Carbonation of fly ash concrete: laboratory and field data,"N. Bouzoubaa, A. Bilodeau, B. Tamtsia, and S. Foo",2010,37.8,0.37,Fly Ash,35,62,20.3,4.2,-,3.15,4100,-,4.2,42.7,20.3,23.7,-,2.27,1930,-,2277,-,100,-,23.8,27.7,-,-,38,46.5,48.9,-,-,-,-,-,-,-,-,-,-,-,-,-,-,-,-,-,-,-,-,-,-,-,-
9.22,M8,Canadian Journal of Civil Engineering ,Carbonation of fly ash concrete: laboratory and field data,"N. Bouzoubaa, A. Bilodeau, B. Tamtsia, and S. Foo",2010,37.8,0.36,Fly Ash,50,62,20.3,4.2,-,3.15,4100,-,4.2,42.7,20.3,23.7,-,2.27,1930,-,2247,-,90,-,18.2,21.9,-,-,33.6,41.2,44.6,-,-,-,-,-,-,-,-,-,-,-,-,-,-,-,-,-,-,-,-,-,-,-,-
9.22,M9,Canadian Journal of Civil Engineering ,Carbonation of fly ash concrete: laboratory and field data,"N. Bouzoubaa, A. Bilodeau, B. Tamtsia, and S. Foo",2010,44.9,0.37,Fly Ash,0,62,20.3,4.2,-,3.15,4100,-,4.2,42.7,20.3,23.7,-,2.27,1930,-,2380,-,60,-,36.1,38.8,-,-,44.9,49.3,51.9,-,-,-,-,-,-,-,-,-,-,-,-,-,-,-,-,-,-,-,-,-,-,-,-
9.22,M10,Canadian Journal of Civil Engineering ,Carbonation of fly ash concrete: laboratory and field data,"N. Bouzoubaa, A. Bilodeau, B. Tamtsia, and S. Foo",2010,44.9,0.34,Fly Ash,20,62,20.3,4.2,-,3.15,4100,-,4.2,42.7,20.3,23.7,-,2.27,1930,-,2346,-,70,-,32.3,35,-,-,45.5,51.2,51.9,-,-,-,-,-,-,-,-,-,-,-,-,-,-,-,-,-,-,-,-,-,-,-,-
9.22,M11,Canadian Journal of Civil Engineering ,Carbonation of fly ash concrete: laboratory and field data,"N. Bouzoubaa, A. Bilodeau, B. Tamtsia, and S. Foo",2010,44.9,0.32,Fly Ash,35,62,20.3,4.2,-,3.15,4100,-,4.2,42.7,20.3,23.7,-,2.27,1930,-,2381,-,60,-,30.6,35.6,-,-,46.2,53.1,59.9,-,-,-,-,-,-,-,-,-,-,-,-,-,-,-,-,-,-,-,-,-,-,-,-
9.22,M12,Canadian Journal of Civil Engineering ,Carbonation of fly ash concrete: laboratory and field data,"N. Bouzoubaa, A. Bilodeau, B. Tamtsia, and S. Foo",2010,44.9,0.3,Fly Ash,50,62,20.3,4.2,-,3.15,4100,-,4.2,42.7,20.3,23.7,-,2.27,1930,-,2395,-,50,-,26.3,31.3,-,-,43.8,50.9,56.4,-,-,-,-,-,-,-,-,-,-,-,-,-,-,-,-,-,-,-,-,-,-,-,-
9.22,M13,Canadian Journal of Civil Engineering ,Carbonation of fly ash concrete: laboratory and field data,"N. Bouzoubaa, A. Bilodeau, B. Tamtsia, and S. Foo",2010,44.9,0.51,Fly Ash,20,62,20.3,4.2,-,3.15,4100,-,13.4,52.4,23.4,4.7,-,2.08,3310,-,2260,-,170,-,17.1,20.4,-,-,28.3,33.8,38.1,-,-,-,-,-,-,-,-,-,-,-,-,-,-,-,-,-,-,-,-,-,-,-,-
9.22,M14,Canadian Journal of Civil Engineering ,Carbonation of fly ash concrete: laboratory and field data,"N. Bouzoubaa, A. Bilodeau, B. Tamtsia, and S. Foo",2010,44.9,0.49,Fly Ash,35,62,20.3,4.2,-,3.15,4100,-,13.4,52.4,23.4,4.7,-,2.08,3310,-,2297,-,150,-,15.7,19,-,-,31.6,37.4,40.9,-,-,-,-,-,-,-,-,-,-,-,-,-,-,-,-,-,-,-,-,-,-,-,-
9.22,M15,Canadian Journal of Civil Engineering ,Carbonation of fly ash concrete: laboratory and field data,"N. Bouzoubaa, A. Bilodeau, B. Tamtsia, and S. Foo",2010,44.9,0.44,Fly Ash,50,62,20.3,4.2,-,3.15,4100,-,13.4,52.4,23.4,4.7,-,2.08,3310,-,2317,-,110,-,12.7,17.2,-,-,31.3,38.9,43.2,-,-,-,-,-,-,-,-,-,-,-,-,-,-,-,-,-,-,-,-,-,-,-,-
9.22,M16,Canadian Journal of Civil Engineering ,Carbonation of fly ash concrete: laboratory and field data,"N. Bouzoubaa, A. Bilodeau, B. Tamtsia, and S. Foo",2010,44.9,0.43,Fly Ash,20,62,20.3,4.2,-,3.15,4100,-,13.4,52.4,23.4,4.7,-,2.08,3310,-,2366,-,50,-,28.3,31.1,-,-,42.4,45.6,53.9,-,-,-,-,-,-,-,-,-,-,-,-,-,-,-,-,-,-,-,-,-,-,-,-
9.22,M17,Canadian Journal of Civil Engineering ,Carbonation of fly ash concrete: laboratory and field data,"N. Bouzoubaa, A. Bilodeau, B. Tamtsia, and S. Foo",2010,44.9,0.42,Fly Ash,35,62,20.3,4.2,-,3.15,4100,-,13.4,52.4,23.4,4.7,-,2.08,3310,-,2340,-,95,-,21.6,26.2,-,-,38.8,44.4,48.4,-,-,-,-,-,-,-,-,-,-,-,-,-,-,-,-,-,-,-,-,-,-,-,-
9.22,M18,Canadian Journal of Civil Engineering ,Carbonation of fly ash concrete: laboratory and field data,"N. Bouzoubaa, A. Bilodeau, B. Tamtsia, and S. Foo",2010,44.9,0.41,Fly Ash,50,62,20.3,4.2,-,3.15,4100,-,13.4,52.4,23.4,4.7,-,2.08,3310,-,2282,-,120,-,14.6,19.8,-,-,33.3,34.1,40.8,-,-,-,-,-,-,-,-,-,-,-,-,-,-,-,-,-,-,-,-,-,-,-,-
9.22,M19,Canadian Journal of Civil Engineering ,Carbonation of fly ash concrete: laboratory and field data,"N. Bouzoubaa, A. Bilodeau, B. Tamtsia, and S. Foo",2010,44.9,0.35,Fly Ash,20,62,20.3,4.2,-,3.15,4100,-,13.4,52.4,23.4,4.7,-,2.08,3310,-,2333,-,70,-,35.2,39.5,-,-,52.6,57.6,61.1,-,-,-,-,-,-,-,-,-,-,-,-,-,-,-,-,-,-,-,-,-,-,-,-
9.22,M20,Canadian Journal of Civil Engineering ,Carbonation of fly ash concrete: laboratory and field data,"N. Bouzoubaa, A. Bilodeau, B. Tamtsia, and S. Foo",2010,44.9,0.35,Fly Ash,35,62,20.3,4.2,-,3.15,4100,-,13.4,52.4,23.4,4.7,-,2.08,3310,-,2267,-,115,-,25.5,30.2,-,-,43.8,52.1,54,-,-,-,-,-,-,-,-,-,-,-,-,-,-,-,-,-,-,-,-,-,-,-,-
9.22,M21,Canadian Journal of Civil Engineering ,Carbonation of fly ash concrete: laboratory and field data,"N. Bouzoubaa, A. Bilodeau, B. Tamtsia, and S. Foo",2010,44.9,0.33,Fly Ash,50,62,20.3,4.2,-,3.15,4100,-,13.4,52.4,23.4,4.7,-,2.08,3310,-,2271,-,110,-,22.5,28.1,-,-,45.4,51.1,55,-,-,-,-,-,-,-,-,-,-,-,-,-,-,-,-,-,-,-,-,-,-,-,-
9.24,49FA0-N,Construction and Building Materials,Thermal stress of high volume fly-ash (HVFA) concrete made with limestone aggregate,"Isamu Yoshitake, Howe Wong, Takeo Ishida, Ayman Y. Nassif",2014,29.3,0.49,Fly Ash,0,64.3,20.4,5.7,-,-,-,-,0.98,58.2,23.3,3.19,-,-,-,-,-,-,135,5.4,17.7,26.5,-,-,29.3,-,35.3,-,-,-,-,-,-,-,-,-,-,-,-,-,-,-,-,2.5,2.6,-,3.5,-,-,-,-
9.24,38FA0-N,Construction and Building Materials,Thermal stress of high volume fly-ash (HVFA) concrete made with limestone aggregate,"Isamu Yoshitake, Howe Wong, Takeo Ishida, Ayman Y. Nassif",2014,50.9,0.38,Fly Ash,0,64.3,20.4,5.7,-,-,-,-,0.98,58.2,23.3,3.19,-,-,-,-,-,-,120,13.8,32,39.6,-,-,50.9,-,54.4,-,-,-,-,-,-,-,-,-,-,-,-,-,-,-,-,2.8,2.9,-,3,-,-,-,-
9.24,49FA50-N,Construction and Building Materials,Thermal stress of high volume fly-ash (HVFA) concrete made with limestone aggregate,"Isamu Yoshitake, Howe Wong, Takeo Ishida, Ayman Y. Nassif",2014,29.3,0.49,Fly Ash,50,64.3,20.4,5.7,-,-,-,-,0.98,58.2,23.3,3.19,-,-,-,-,-,-,110,1.1,5.3,11.1,-,-,18.8,22.1,22.7,-,-,-,-,-,-,-,-,-,-,-,-,-,-,-,-,1.1,1.3,-,2.8,-,-,-,-
9.24,45FA50-N,Construction and Building Materials,Thermal stress of high volume fly-ash (HVFA) concrete made with limestone aggregate,"Isamu Yoshitake, Howe Wong, Takeo Ishida, Ayman Y. Nassif",2014,29.3,0.45,Fly Ash,50,64.3,20.4,5.7,-,-,-,-,0.98,58.2,23.3,3.19,-,-,-,-,-,-,190,3,9.3,12.5,-,-,19.5,25,32,-,-,-,-,-,-,-,-,-,-,-,-,-,-,-,-,1.4,2.2,-,3.4,-,-,-,-
9.24,38FA50-N,Construction and Building Materials,Thermal stress of high volume fly-ash (HVFA) concrete made with limestone aggregate,"Isamu Yoshitake, Howe Wong, Takeo Ishida, Ayman Y. Nassif",2014,50.9,0.38,Fly Ash,50,64.3,20.4,5.7,-,-,-,-,0.98,58.2,23.3,3.19,-,-,-,-,-,-,220,5.9,13.3,18.1,-,-,25.2,-,33.1,-,-,-,-,-,-,-,-,-,-,-,-,-,-,-,-,1.5,2.8,-,3.9,-,-,-,-
9.25,M1,Magazine of Concrete Research,Natural and accelerated carbonation of concrete containing fly ash and GGBS after different initial curing period,"Yaodong Jia, Peiyu Yan, Peiyu Yan",2012,76.2,0.37,Fly ash,20,62.5,21.09,4.34,-,-,-,-,3.43,52.3,35.88,3.85,-,-,-,-,-,-,-,-,-,-,-,-,76.2,80.4,-,-,-,-,-,-,-,-,-,-,-,-,-,-,-,-,-,-,-,-,-,-,-,-,-
9.25,M2,Magazine of Concrete Research,Natural and accelerated carbonation of concrete containing fly ash and GGBS after different initial curing period,"Yaodong Jia, Peiyu Yan, Peiyu Yan",2012,71.6,0.37,Fly ash + GGBS,35,62.5,21.09,4.34,-,-,-,-,3.43,52.3,35.88,3.85,-,-,-,-,-,-,-,-,-,-,-,-,71.6,74.5,-,-,-,-,-,-,-,-,-,-,-,-,-,-,-,-,-,-,-,-,-,-,-,-,-
9.25,M3,Magazine of Concrete Research,Natural and accelerated carbonation of concrete containing fly ash and GGBS after different initial curing period,"Yaodong Jia, Peiyu Yan, Peiyu Yan",2012,61.2,0.37,Fly ash + GGBS,50,62.5,21.09,4.34,-,-,-,-,3.43,52.3,35.88,3.85,-,-,-,-,-,-,-,-,-,-,-,-,61.2,62.3,-,-,-,-,-,-,-,-,-,-,-,-,-,-,-,-,-,-,-,-,-,-,-,-,-
9.25,M4,Magazine of Concrete Research,Natural and accelerated carbonation of concrete containing fly ash and GGBS after different initial curing period,"Yaodong Jia, Peiyu Yan, Peiyu Yan",2012,68.7,0.4,Fly ash + GGBS,20,62.5,21.09,4.34,-,-,-,-,3.43,52.3,35.88,3.85,-,-,-,-,-,-,-,-,-,-,-,-,68.7,67,-,-,-,-,-,-,-,-,-,-,-,-,-,-,-,-,-,-,-,-,-,-,-,-,-
9.25,M5,Magazine of Concrete Research,Natural and accelerated carbonation of concrete containing fly ash and GGBS after different initial curing period,"Yaodong Jia, Peiyu Yan, Peiyu Yan",2012,65.8,0.4,Fly ash + GGBS,35,62.5,21.09,4.34,-,-,-,-,3.43,52.3,35.88,3.85,-,-,-,-,-,-,-,-,-,-,-,-,65.8,70.3,-,-,-,-,-,-,-,-,-,-,-,-,-,-,-,-,-,-,-,-,-,-,-,-,-
9.25,M6,Magazine of Concrete Research,Natural and accelerated carbonation of concrete containing fly ash and GGBS after different initial curing period,"Yaodong Jia, Peiyu Yan, Peiyu Yan",2012,48.4,0.4,Fly ash,50,62.5,21.09,4.34,-,-,-,-,3.43,52.3,35.88,3.85,-,-,-,-,-,-,-,-,-,-,-,-,48.4,50.3,-,-,-,-,-,-,-,-,-,-,-,-,-,-,-,-,-,-,-,-,-,-,-,-,-
9.25,M7,Magazine of Concrete Research,Natural and accelerated carbonation of concrete containing fly ash and GGBS after different initial curing period,"Yaodong Jia, Peiyu Yan, Peiyu Yan",2012,58.3,0.37,Fly ash + GGBS,20,62.5,21.09,4.34,-,-,-,-,3.43,52.3,35.88,3.85,-,-,-,-,-,-,-,-,-,-,-,-,58.3,62.8,-,-,-,-,-,-,-,-,-,-,-,-,-,-,-,-,-,-,-,-,-,-,-,-,-
9.25,M8,Magazine of Concrete Research,Natural and accelerated carbonation of concrete containing fly ash and GGBS after different initial curing period,"Yaodong Jia, Peiyu Yan, Peiyu Yan",2012,51.6,0.37,Fly ash,35,62.5,21.09,4.34,-,-,-,-,3.43,52.3,35.88,3.85,-,-,-,-,-,-,-,-,-,-,-,-,51.6,56.8,-,-,-,-,-,-,-,-,-,-,-,-,-,-,-,-,-,-,-,-,-,-,-,-,-
9.25,M9,Magazine of Concrete Research,Natural and accelerated carbonation of concrete containing fly ash and GGBS after different initial curing period,"Yaodong Jia, Peiyu Yan, Peiyu Yan",2012,43.6,0.37,Fly ash + GGBS,50,62.5,21.09,4.34,-,-,-,-,3.43,52.3,35.88,3.85,-,-,-,-,-,-,-,-,-,-,-,-,43.6,45.3,-,-,-,-,-,-,-,-,-,-,-,-,-,-,-,-,-,-,-,-,-,-,-,-,-
9.25,M10 - control mix,Magazine of Concrete Research,Natural and accelerated carbonation of concrete containing fly ash and GGBS after different initial curing period,"Yaodong Jia, Peiyu Yan, Peiyu Yan",2012,72.2,0.37,Fly ash,0,62.5,21.09,4.34,-,-,-,-,3.43,52.3,35.88,3.85,-,-,-,-,-,-,-,-,-,-,-,-,72.2,71.3,-,-,-,-,-,-,-,-,-,-,-,-,-,-,-,-,-,-,-,-,-,-,-,-,-
9.25,M11,Magazine of Concrete Research,Natural and accelerated carbonation of concrete containing fly ash and GGBS after different initial curing period,"Yaodong Jia, Peiyu Yan, Peiyu Yan",2012,65.9,0.37,Fly ash,0,62.5,21.09,4.34,-,-,-,-,3.43,52.3,35.88,3.85,-,-,-,-,-,-,-,-,-,-,-,-,65.9,69.8,-,-,-,-,-,-,-,-,-,-,-,-,-,-,-,-,-,-,-,-,-,-,-,-,-
9.25,M12,Magazine of Concrete Research,Natural and accelerated carbonation of concrete containing fly ash and GGBS after different initial curing period,"Yaodong Jia, Peiyu Yan, Peiyu Yan",2012,62.6,0.37,Fly ash,0,62.5,21.09,4.34,-,-,-,-,3.43,52.3,35.88,3.85,-,-,-,-,-,-,-,-,-,-,-,-,62.6,67.3,-,-,-,-,-,-,-,-,-,-,-,-,-,-,-,-,-,-,-,-,-,-,-,-,-
9.30,F0,Cement & Concrete Composites,Self-healing of mechanically-loaded self consolidating concretes with high volumes of fly ash,"Mustafa Sahmaran, Suleyman B. Keskin, Gozde Ozerkan, Ismail O. Yaman",2008,51.3,0.35,Fly Ash,0,63.27,19.61,5.86,-,3.14,3629,-,4.24,56.2,20.17,6.69,-,2.25,2870,-,-,-,660,-,-,-,-,-,51.3,-,-,-,-,-,-,-,-,-,-,-,-,-,-,-,-,-,-,-,-,-,-,-,-,0.113,-
9.30,F35,Cement & Concrete Composites,Self-healing of mechanically-loaded self consolidating concretes with high volumes of fly ash,"Mustafa Sahmaran, Suleyman B. Keskin, Gozde Ozerkan, Ismail O. Yaman",2008,51.3,0.35,Fly Ash,35,63.27,19.61,5.86,-,3.14,3629,-,4.24,56.2,20.17,6.69,-,2.25,2870,-,-,-,670,-,-,-,-,-,46.4,-,-,-,-,-,-,-,-,-,-,-,-,-,-,-,-,-,-,-,-,-,-,-,-,0.084,-
9.30,F55,Cement & Concrete Composites,Self-healing of mechanically-loaded self consolidating concretes with high volumes of fly ash,"Mustafa Sahmaran, Suleyman B. Keskin, Gozde Ozerkan, Ismail O. Yaman",2008,51.3,0.35,Fly Ash,55,63.27,19.61,5.86,-,3.14,3629,-,4.24,56.2,20.17,6.69,-,2.25,2870,-,-,-,640,-,-,-,-,-,38.7,-,-,-,-,-,-,-,-,-,-,-,-,-,-,-,-,-,-,-,-,-,-,-,-,0.089,-
